Payment_Method,Payment_Amount,Category,Timestamp
Debit Card,347.57,Home & Garden,2022-10-03 06:45:02
Debit Card,443.41,Books,2022-10-03 08:20:58
In Store Card,335.04,Electronics,2022-10-03 16:45:28
Google Wallet,327.9,Home & Garden,2022-10-03 20:18:46
Debit Card,460.94,Home & Garden,2022-10-04 04:04:48
Debit Card,460.94,Home & Garden,2022-10-04 12:13:53
Google Wallet,314.02,Clothing,2022-10-04 13:43:45
PayPal,338.48,Books,2022-10-06 01:04:16
PayPal,129.93,Books,2022-10-06 07:16:58
PayPal,328.3,Books,2022-10-06 17:01:58
Apple Pay,157.06,Clothing,2022-10-07 00:33:36
Credit Card,253.83,Books,2022-10-07 02:58:46
In Store Card,354.4,Clothing,2022-10-08 02:01:15
In Store Card,51.23,Sports & Outdoors,2022-10-08 09:10:26
Credit Card,329.04,Sports & Outdoors,2022-10-08 16:59:03
Debit Card,491.34,Electronics,2022-10-08 19:18:38
Debit Card,256.08,Sports & Outdoors,2022-10-08 23:23:34
PayPal,115.01,Clothing,2022-10-09 04:34:26
Apple Pay,260.59,Electronics,2022-10-09 13:11:06
In Store Card,377.14,Clothing,2022-10-10 11:13:53
PayPal,466.11,Home & Garden,2022-10-11 02:38:43
PayPal,299.89,Clothing,2022-10-11 05:00:36
Debit Card,214.54,Books,2022-10-11 15:46:22
PayPal,88.3,Electronics,2022-10-11 17:43:15
Google Wallet,173.33,Home & Garden,2022-10-12 02:27:18
Apple Pay,399.88,Sports & Outdoors,2022-10-12 19:51:39
Apple Pay,439.52,Electronics,2022-10-13 14:33:28
PayPal,207.02,Electronics,2022-10-13 14:56:17
Credit Card,307.95,Electronics,2022-10-13 23:32:00
Google Wallet,121.02,Books,2022-10-14 02:29:26
Google Wallet,25.41,Sports & Outdoors,2022-10-14 15:55:27
PayPal,410.74,Electronics,2022-10-14 22:58:39
Apple Pay,499.19,Electronics,2022-10-15 04:15:31
In Store Card,117.73,Books,2022-10-15 12:07:52
Google Wallet,405.91,Clothing,2022-10-15 20:42:22
PayPal,245.53,Electronics,2022-10-16 01:25:52
Debit Card,297.54,Sports & Outdoors,2022-10-16 07:26:55
Credit Card,151.76,Clothing,2022-10-16 22:00:19
Apple Pay,326.24,Sports & Outdoors,2022-10-17 00:41:39
Debit Card,285.26,Electronics,2022-10-17 02:31:56
Credit Card,203.29,Clothing,2022-10-17 05:02:01
Credit Card,96.84,Books,2022-10-17 09:18:16
Debit Card,27.95,Home & Garden,2022-10-17 22:39:17
Apple Pay,238.84,Electronics,2022-10-18 02:00:38
Credit Card,350.58,Clothing,2022-10-18 06:16:17
Google Wallet,207.05,Sports & Outdoors,2022-10-18 08:46:31
In Store Card,77.8,Home & Garden,2022-10-18 13:08:32
Credit Card,125.69,Sports & Outdoors,2022-10-18 13:29:17
In Store Card,365.03,Clothing,2022-10-18 18:45:10
Credit Card,39.54,Sports & Outdoors,2022-10-18 23:26:52
Credit Card,493.78,Sports & Outdoors,2022-10-19 00:49:26
Google Wallet,337.33,Home & Garden,2022-10-19 01:06:55
Apple Pay,435.5,Books,2022-10-19 06:08:43
PayPal,181.49,Books,2022-10-19 13:37:00
Google Wallet,498.06,Home & Garden,2022-10-19 14:31:11
Google Wallet,289.81,Electronics,2022-10-19 16:20:54
Apple Pay,218.8,Sports & Outdoors,2022-10-20 14:11:22
Google Wallet,203.92,Home & Garden,2022-10-20 19:43:05
PayPal,191.44,Sports & Outdoors,2022-10-21 00:01:41
PayPal,83.4,Home & Garden,2022-10-21 10:07:27
PayPal,134.55,Sports & Outdoors,2022-10-21 12:29:04
Apple Pay,96.03,Books,2022-10-21 23:53:16
In Store Card,333.01,Sports & Outdoors,2022-10-22 14:48:25
Google Wallet,494.53,Books,2022-10-24 19:39:20
Google Wallet,127.99,Books,2022-10-25 19:10:48
Debit Card,414.19,Books,2022-10-26 14:50:44
PayPal,381.29,Clothing,2022-10-26 23:03:46
In Store Card,136.07,Electronics,2022-10-26 23:27:30
Google Wallet,142.18,Clothing,2022-10-27 00:07:22
Apple Pay,36.35,Electronics,2022-10-27 09:46:54
In Store Card,151.18,Clothing,2022-10-27 10:23:59
Debit Card,30.53,Books,2022-10-27 10:35:38
Google Wallet,244.1,Books,2022-10-27 16:35:21
In Store Card,146.57,Books,2022-10-27 17:09:43
Apple Pay,356.59,Clothing,2022-10-28 01:18:19
In Store Card,259.06,Home & Garden,2022-10-28 01:34:10
Debit Card,47.68,Clothing,2022-10-28 17:44:12
PayPal,192.98,Clothing,2022-10-28 19:43:47
Apple Pay,46.39,Books,2022-10-29 00:34:35
Apple Pay,49.45,Sports & Outdoors,2022-10-29 00:37:04
Credit Card,36.09,Books,2022-10-30 02:01:38
Debit Card,244.35,Home & Garden,2022-10-30 10:35:36
Debit Card,266.94,Sports & Outdoors,2022-10-30 13:37:27
Google Wallet,91.76,Clothing,2022-10-30 15:22:40
PayPal,268.81,Clothing,2022-10-30 18:35:45
Google Wallet,377.88,Books,2022-10-31 04:55:51
Credit Card,434.64,Sports & Outdoors,2022-10-31 21:26:07
Credit Card,361.3,Books,2022-10-31 23:48:25
Apple Pay,152.31,Home & Garden,2022-11-01 12:19:18
Google Wallet,191.67,Home & Garden,2022-11-01 21:48:54
Debit Card,424.27,Home & Garden,2022-11-02 18:08:18
PayPal,493.39,Home & Garden,2022-11-02 23:07:38
Google Wallet,495.17,Home & Garden,2022-11-03 10:04:28
Google Wallet,310.37,Books,2022-11-03 11:54:55
Credit Card,63.56,Sports & Outdoors,2022-11-03 14:30:00
In Store Card,245.34,Sports & Outdoors,2022-11-03 15:18:02
PayPal,86.27,Home & Garden,2022-11-03 20:18:01
Credit Card,420.41,Sports & Outdoors,2022-11-03 22:51:22
Apple Pay,38.41,Clothing,2022-11-04 05:52:40
Apple Pay,351.85,Books,2022-11-04 16:04:31
In Store Card,190.79,Clothing,2022-11-04 17:54:14
Debit Card,101.37,Books,2022-11-04 21:20:29
Debit Card,260.94,Clothing,2022-11-05 03:02:14
Apple Pay,237.66,Home & Garden,2022-11-05 03:17:01
Debit Card,385.61,Clothing,2022-11-06 00:16:32
Debit Card,95.99,Home & Garden,2022-11-07 03:19:47
Debit Card,53.07,Clothing,2022-11-07 10:59:46
Debit Card,444.76,Clothing,2022-11-07 16:18:01
PayPal,33.65,Books,2022-11-07 19:14:41
Google Wallet,284.3,Clothing,2022-11-07 20:10:44
Debit Card,23.45,Sports & Outdoors,2022-11-08 11:27:46
In Store Card,216.12,Home & Garden,2022-11-08 13:22:03
Credit Card,283.75,Sports & Outdoors,2022-11-08 15:31:24
In Store Card,68.23,Home & Garden,2022-11-09 01:59:34
PayPal,478.91,Home & Garden,2022-11-10 05:31:20
PayPal,151.55,Electronics,2022-11-10 08:14:43
In Store Card,186.49,Sports & Outdoors,2022-11-10 14:38:49
Credit Card,473.56,Sports & Outdoors,2022-11-10 18:49:10
Apple Pay,370.72,Home & Garden,2022-11-10 20:35:03
PayPal,198.19,Books,2022-11-11 03:51:28
Debit Card,214.36,Sports & Outdoors,2022-11-11 07:50:10
In Store Card,448.35,Home & Garden,2022-11-11 08:42:33
Debit Card,36.04,Books,2022-11-11 10:45:36
PayPal,424.53,Home & Garden,2022-11-11 15:58:22
Google Wallet,34.94,Books,2022-11-11 16:09:24
PayPal,305.36,Sports & Outdoors,2022-11-12 02:13:30
Debit Card,91.29,Sports & Outdoors,2022-11-12 21:19:31
Apple Pay,308.9,Sports & Outdoors,2022-11-12 22:24:43
PayPal,234.63,Clothing,2022-11-12 22:34:59
Credit Card,31.8,Clothing,2022-11-13 03:30:22
Google Wallet,386.09,Clothing,2022-11-14 10:48:38
PayPal,141.06,Clothing,2022-11-14 14:35:56
In Store Card,222.06,Electronics,2022-11-15 08:40:20
Google Wallet,469.0,Electronics,2022-11-15 21:39:59
Credit Card,460.35,Electronics,2022-11-16 07:29:21
Google Wallet,36.93,Books,2022-11-16 21:01:05
PayPal,95.82,Books,2022-11-16 22:05:57
Credit Card,222.31,Books,2022-11-16 23:00:10
PayPal,267.96,Electronics,2022-11-17 01:14:37
Debit Card,28.49,Books,2022-11-17 05:14:53
Apple Pay,382.0,Electronics,2022-11-17 07:22:46
Apple Pay,74.27,Home & Garden,2022-11-17 07:44:04
Google Wallet,488.86,Home & Garden,2022-11-17 17:52:36
Credit Card,324.26,Electronics,2022-11-17 18:36:32
Credit Card,163.78,Electronics,2022-11-18 10:22:14
In Store Card,319.27,Clothing,2022-11-18 10:25:49
In Store Card,382.28,Clothing,2022-11-18 17:44:55
Credit Card,188.66,Books,2022-11-19 09:25:51
Apple Pay,211.79,Clothing,2022-11-19 11:03:23
Google Wallet,438.55,Home & Garden,2022-11-20 02:18:09
In Store Card,231.19,Sports & Outdoors,2022-11-20 08:53:33
PayPal,280.63,Electronics,2022-11-20 12:53:16
PayPal,498.59,Home & Garden,2022-11-20 12:53:50
PayPal,115.71,Electronics,2022-11-20 14:00:20
Debit Card,203.88,Electronics,2022-11-20 17:25:34
Apple Pay,293.34,Clothing,2022-11-21 14:50:56
Debit Card,170.8,Home & Garden,2022-11-21 16:49:19
PayPal,110.71,Sports & Outdoors,2022-11-22 14:26:50
Credit Card,409.41,Sports & Outdoors,2022-11-22 19:15:49
Apple Pay,486.92,Electronics,2022-11-22 19:53:09
Debit Card,131.67,Electronics,2022-11-22 22:23:59
Debit Card,492.69,Clothing,2022-11-22 22:39:25
In Store Card,405.52,Electronics,2022-11-23 15:38:39
In Store Card,412.14,Clothing,2022-11-23 18:58:40
Google Wallet,148.28,Books,2022-11-24 01:40:32
Debit Card,422.93,Electronics,2022-11-24 14:53:01
Credit Card,460.36,Clothing,2022-11-26 00:37:06
PayPal,54.97,Electronics,2022-11-26 08:13:52
PayPal,305.74,Electronics,2022-11-26 12:37:52
Debit Card,133.82,Books,2022-11-26 23:26:05
Credit Card,364.82,Sports & Outdoors,2022-11-27 08:35:34
Credit Card,376.76,Electronics,2022-11-27 14:15:00
Google Wallet,303.59,Home & Garden,2022-11-27 21:40:34
Google Wallet,192.42,Electronics,2022-11-28 20:02:21
Google Wallet,161.6,Clothing,2022-11-29 02:13:43
PayPal,29.07,Sports & Outdoors,2022-11-29 02:15:57
PayPal,340.78,Clothing,2022-11-29 07:53:08
In Store Card,92.28,Home & Garden,2022-11-29 20:59:08
PayPal,495.58,Electronics,2022-11-29 21:18:47
In Store Card,231.48,Home & Garden,2022-11-30 01:12:15
Apple Pay,379.11,Sports & Outdoors,2022-11-30 06:45:52
PayPal,325.51,Clothing,2022-11-30 08:00:58
Credit Card,118.08,Books,2022-11-30 21:44:38
Debit Card,294.15,Books,2022-12-01 00:38:40
Debit Card,346.22,Clothing,2022-12-01 00:57:21
Apple Pay,277.13,Home & Garden,2022-12-01 01:00:42
Apple Pay,476.53,Books,2022-12-01 20:01:00
Apple Pay,309.38,Electronics,2022-12-02 05:35:33
Apple Pay,214.73,Electronics,2022-12-02 17:00:02
Credit Card,164.93,Clothing,2022-12-02 19:14:57
Google Wallet,196.56,Sports & Outdoors,2022-12-02 21:35:40
Google Wallet,31.55,Books,2022-12-03 11:51:05
Credit Card,372.33,Clothing,2022-12-03 16:43:02
PayPal,213.92,Home & Garden,2022-12-04 10:09:28
Google Wallet,337.61,Books,2022-12-04 15:50:45
PayPal,228.65,Clothing,2022-12-05 03:37:38
Apple Pay,243.33,Books,2022-12-05 20:47:24
Apple Pay,102.66,Clothing,2022-12-05 21:23:49
Google Wallet,186.34,Books,2022-12-06 14:18:31
In Store Card,72.58,Home & Garden,2022-12-06 22:31:19
In Store Card,74.49,Electronics,2022-12-06 22:45:16
Apple Pay,448.61,Electronics,2022-12-08 01:15:28
Credit Card,145.26,Books,2022-12-08 11:06:41
Google Wallet,496.34,Electronics,2022-12-10 03:32:30
In Store Card,305.03,Sports & Outdoors,2022-12-11 08:19:32
PayPal,301.71,Electronics,2022-12-11 11:52:25
In Store Card,283.94,Home & Garden,2022-12-11 23:58:36
PayPal,55.72,Sports & Outdoors,2022-12-12 06:47:26
PayPal,28.26,Home & Garden,2022-12-12 22:10:45
Apple Pay,138.29,Home & Garden,2022-12-13 00:31:49
Debit Card,33.4,Books,2022-12-13 15:53:12
Debit Card,373.96,Books,2022-12-13 17:32:05
Google Wallet,340.86,Books,2022-12-14 02:10:10
Debit Card,107.7,Clothing,2022-12-14 18:33:05
In Store Card,327.5,Home & Garden,2022-12-14 20:59:42
In Store Card,65.19,Books,2022-12-15 06:24:18
PayPal,443.25,Electronics,2022-12-15 11:14:44
Debit Card,99.48,Sports & Outdoors,2022-12-15 16:54:06
Credit Card,13.04,Electronics,2022-12-15 19:21:40
Credit Card,309.46,Clothing,2022-12-16 04:33:56
In Store Card,246.98,Home & Garden,2022-12-16 05:19:16
In Store Card,276.53,Home & Garden,2022-12-16 05:29:08
Apple Pay,280.16,Clothing,2022-12-16 10:58:49
PayPal,236.04,Sports & Outdoors,2022-12-16 19:09:47
In Store Card,175.04,Books,2022-12-16 22:33:39
PayPal,60.42,Electronics,2022-12-17 19:49:30
Apple Pay,208.83,Sports & Outdoors,2022-12-17 23:23:31
Apple Pay,129.42,Sports & Outdoors,2022-12-19 03:19:14
Debit Card,82.04,Home & Garden,2022-12-19 03:58:31
Credit Card,48.45,Sports & Outdoors,2022-12-19 08:24:46
PayPal,128.87,Clothing,2022-12-19 16:14:12
Debit Card,55.28,Sports & Outdoors,2022-12-20 13:58:25
Debit Card,457.89,Clothing,2022-12-20 16:48:05
PayPal,136.82,Home & Garden,2022-12-21 04:05:04
Credit Card,195.87,Home & Garden,2022-12-21 06:04:06
Credit Card,425.11,Electronics,2022-12-21 15:58:36
Apple Pay,202.31,Electronics,2022-12-21 18:53:40
Credit Card,82.69,Sports & Outdoors,2022-12-22 03:42:07
Google Wallet,250.23,Home & Garden,2022-12-22 07:08:32
Apple Pay,108.96,Home & Garden,2022-12-22 17:38:53
Apple Pay,276.93,Electronics,2022-12-22 23:21:12
Google Wallet,361.92,Home & Garden,2022-12-23 00:36:07
In Store Card,48.12,Electronics,2022-12-23 01:55:34
In Store Card,221.36,Home & Garden,2022-12-24 00:49:17
Debit Card,54.32,Books,2022-12-25 04:18:00
PayPal,100.69,Electronics,2022-12-25 19:55:39
Apple Pay,427.85,Clothing,2022-12-26 02:23:14
Apple Pay,483.2,Sports & Outdoors,2022-12-26 03:10:47
In Store Card,462.22,Clothing,2022-12-26 15:03:21
Debit Card,54.89,Sports & Outdoors,2022-12-27 02:08:23
Google Wallet,71.38,Home & Garden,2022-12-27 05:13:09
Google Wallet,147.7,Home & Garden,2022-12-27 05:13:24
Apple Pay,134.21,Books,2022-12-27 17:56:22
Apple Pay,87.81,Sports & Outdoors,2022-12-27 20:56:50
Apple Pay,465.6,Clothing,2022-12-28 00:23:02
Credit Card,286.06,Electronics,2022-12-28 02:31:21
PayPal,298.57,Electronics,2022-12-28 08:32:10
Google Wallet,362.04,Books,2022-12-28 21:31:42
In Store Card,479.75,Home & Garden,2022-12-29 16:06:11
Debit Card,481.19,Sports & Outdoors,2022-12-31 10:38:53
Credit Card,383.05,Books,2022-12-31 18:27:41
In Store Card,92.35,Books,2023-01-01 16:32:51
In Store Card,387.66,Home & Garden,2023-01-01 23:08:47
Apple Pay,435.47,Books,2023-01-02 17:08:28
Debit Card,338.45,Books,2023-01-03 22:10:03
Google Wallet,258.16,Books,2023-01-04 01:17:50
Google Wallet,83.15,Books,2023-01-04 05:37:28
PayPal,441.79,Books,2023-01-04 08:19:43
Debit Card,425.84,Books,2023-01-04 12:17:01
In Store Card,488.38,Books,2023-01-05 06:42:30
Debit Card,159.56,Home & Garden,2023-01-05 15:21:44
In Store Card,210.02,Home & Garden,2023-01-05 23:31:12
In Store Card,461.58,Home & Garden,2023-01-08 12:59:39
Apple Pay,355.91,Electronics,2023-01-08 14:40:53
PayPal,262.95,Home & Garden,2023-01-08 16:58:05
Debit Card,205.57,Home & Garden,2023-01-09 08:22:39
Debit Card,230.54,Clothing,2023-01-10 01:50:22
Apple Pay,351.81,Clothing,2023-01-10 10:28:45
Credit Card,327.91,Clothing,2023-01-10 20:40:11
PayPal,360.34,Clothing,2023-01-10 20:45:17
PayPal,233.52,Electronics,2023-01-11 00:25:08
Debit Card,481.47,Sports & Outdoors,2023-01-11 12:52:48
In Store Card,195.33,Home & Garden,2023-01-11 19:23:06
Apple Pay,246.92,Sports & Outdoors,2023-01-11 22:16:34
In Store Card,21.34,Electronics,2023-01-12 02:24:00
Debit Card,315.92,Home & Garden,2023-01-12 04:44:06
In Store Card,162.14,Home & Garden,2023-01-12 06:00:20
PayPal,250.87,Books,2023-01-12 06:43:25
Debit Card,221.36,Home & Garden,2023-01-12 10:04:13
Google Wallet,281.6,Sports & Outdoors,2023-01-12 14:01:28
In Store Card,139.0,Electronics,2023-01-13 00:11:35
Apple Pay,37.29,Sports & Outdoors,2023-01-15 23:09:59
Credit Card,92.17,Clothing,2023-01-16 12:21:46
Google Wallet,414.6,Electronics,2023-01-16 15:29:23
Google Wallet,70.46,Clothing,2023-01-17 22:37:28
PayPal,92.22,Clothing,2023-01-18 03:15:24
Google Wallet,406.82,Home & Garden,2023-01-18 07:12:08
Debit Card,327.12,Clothing,2023-01-19 09:04:25
In Store Card,278.06,Electronics,2023-01-19 23:44:03
Credit Card,244.34,Clothing,2023-01-20 08:07:37
In Store Card,36.92,Electronics,2023-01-20 17:01:30
Debit Card,17.99,Books,2023-01-22 17:57:48
Debit Card,210.63,Books,2023-01-22 23:15:58
Debit Card,51.86,Sports & Outdoors,2023-01-23 01:19:21
PayPal,150.22,Sports & Outdoors,2023-01-23 16:43:45
Google Wallet,95.71,Clothing,2023-01-23 17:58:17
Apple Pay,98.84,Clothing,2023-01-23 19:25:54
In Store Card,464.53,Home & Garden,2023-01-24 00:10:23
In Store Card,303.48,Home & Garden,2023-01-24 06:45:12
In Store Card,19.24,Electronics,2023-01-24 07:16:04
Debit Card,434.25,Home & Garden,2023-01-24 21:38:02
Credit Card,126.79,Electronics,2023-01-25 03:30:53
Apple Pay,312.94,Books,2023-01-25 04:51:27
PayPal,349.76,Sports & Outdoors,2023-01-25 08:33:12
Google Wallet,436.98,Sports & Outdoors,2023-01-25 13:56:54
Credit Card,303.19,Clothing,2023-01-26 08:15:25
Debit Card,218.84,Books,2023-01-26 08:37:38
Google Wallet,313.07,Electronics,2023-01-27 11:05:23
In Store Card,118.41,Sports & Outdoors,2023-01-27 22:29:13
Apple Pay,344.79,Electronics,2023-01-28 04:12:10
Google Wallet,138.01,Electronics,2023-01-28 07:47:37
In Store Card,140.59,Home & Garden,2023-01-28 12:02:49
Apple Pay,297.33,Clothing,2023-01-28 16:49:40
Credit Card,17.24,Electronics,2023-01-28 17:04:13
PayPal,186.87,Home & Garden,2023-01-28 19:12:04
Debit Card,173.48,Books,2023-01-28 20:27:07
Google Wallet,298.62,Books,2023-01-29 01:11:08
Credit Card,253.32,Electronics,2023-01-29 19:48:58
Google Wallet,70.11,Home & Garden,2023-01-30 18:39:37
PayPal,159.69,Sports & Outdoors,2023-01-30 19:45:12
Apple Pay,188.29,Books,2023-01-31 16:53:27
Credit Card,191.97,Clothing,2023-01-31 18:17:21
Debit Card,115.08,Books,2023-02-01 04:59:35
In Store Card,272.92,Electronics,2023-02-01 10:41:59
PayPal,446.74,Sports & Outdoors,2023-02-02 11:26:45
Credit Card,89.96,Books,2023-02-03 01:05:26
PayPal,430.23,Home & Garden,2023-02-03 01:16:22
Google Wallet,13.86,Home & Garden,2023-02-03 09:11:48
Debit Card,328.19,Books,2023-02-03 20:29:56
Debit Card,436.93,Books,2023-02-04 13:13:52
Debit Card,305.0,Books,2023-02-05 05:43:53
Google Wallet,235.36,Home & Garden,2023-02-05 11:39:14
PayPal,400.26,Clothing,2023-02-06 01:10:43
PayPal,335.23,Home & Garden,2023-02-06 05:01:57
Credit Card,108.02,Home & Garden,2023-02-06 06:39:25
Credit Card,433.97,Sports & Outdoors,2023-02-06 13:13:49
Debit Card,203.32,Clothing,2023-02-06 20:07:24
Google Wallet,418.93,Books,2023-02-07 05:49:09
Apple Pay,64.97,Home & Garden,2023-02-07 20:08:27
PayPal,345.25,Home & Garden,2023-02-08 11:46:02
In Store Card,348.06,Electronics,2023-02-08 15:28:08
Debit Card,455.78,Electronics,2023-02-09 09:34:03
In Store Card,27.63,Home & Garden,2023-02-09 10:57:45
PayPal,141.21,Sports & Outdoors,2023-02-09 11:33:56
Credit Card,122.04,Books,2023-02-09 15:09:02
Apple Pay,106.2,Electronics,2023-02-09 17:41:51
Debit Card,478.57,Home & Garden,2023-02-09 23:26:29
Google Wallet,237.83,Home & Garden,2023-02-10 02:57:20
In Store Card,269.7,Books,2023-02-10 08:39:18
PayPal,178.36,Electronics,2023-02-10 09:17:45
Credit Card,72.29,Sports & Outdoors,2023-02-10 11:03:12
In Store Card,271.54,Home & Garden,2023-02-10 17:04:31
Credit Card,184.23,Books,2023-02-11 03:55:28
PayPal,218.1,Books,2023-02-11 07:56:14
Google Wallet,127.62,Sports & Outdoors,2023-02-11 11:14:22
PayPal,237.19,Home & Garden,2023-02-11 14:52:48
Apple Pay,455.96,Books,2023-02-12 09:11:21
Apple Pay,89.07,Sports & Outdoors,2023-02-13 04:41:24
In Store Card,383.13,Electronics,2023-02-13 17:10:16
Google Wallet,298.01,Electronics,2023-02-14 00:36:32
PayPal,60.02,Clothing,2023-02-14 09:53:16
In Store Card,59.87,Home & Garden,2023-02-14 21:17:09
PayPal,261.54,Books,2023-02-15 00:52:28
Credit Card,384.47,Clothing,2023-02-15 08:33:41
Debit Card,67.6,Books,2023-02-16 07:04:57
PayPal,344.31,Clothing,2023-02-17 01:05:10
Debit Card,200.23,Clothing,2023-02-17 03:40:20
Google Wallet,475.38,Electronics,2023-02-17 06:10:40
Credit Card,396.99,Books,2023-02-17 15:40:49
PayPal,413.01,Clothing,2023-02-18 17:25:42
Debit Card,195.23,Clothing,2023-02-18 23:00:03
Google Wallet,152.88,Home & Garden,2023-02-19 01:00:47
In Store Card,32.87,Clothing,2023-02-19 07:22:05
Credit Card,313.83,Clothing,2023-02-19 11:45:29
Debit Card,295.13,Home & Garden,2023-02-19 12:05:01
Google Wallet,149.12,Clothing,2023-02-19 18:06:14
Credit Card,231.86,Books,2023-02-19 18:35:22
Google Wallet,416.47,Clothing,2023-02-20 09:59:58
Apple Pay,28.44,Books,2023-02-20 16:51:17
Apple Pay,10.08,Sports & Outdoors,2023-02-20 22:25:35
Google Wallet,107.18,Clothing,2023-02-22 07:37:56
Credit Card,456.34,Sports & Outdoors,2023-02-22 17:48:14
PayPal,449.18,Home & Garden,2023-02-22 20:40:18
PayPal,437.94,Books,2023-02-23 07:12:14
In Store Card,173.15,Clothing,2023-02-23 14:38:54
Google Wallet,460.57,Electronics,2023-02-24 00:03:37
Google Wallet,316.88,Clothing,2023-02-24 11:04:36
In Store Card,12.44,Electronics,2023-02-24 13:29:52
Debit Card,304.13,Sports & Outdoors,2023-02-24 17:57:30
In Store Card,262.53,Electronics,2023-02-24 21:35:05
PayPal,491.88,Home & Garden,2023-02-26 02:41:05
PayPal,173.12,Home & Garden,2023-02-26 02:45:19
Credit Card,12.03,Home & Garden,2023-02-27 01:37:09
Google Wallet,334.49,Books,2023-02-27 07:21:42
Google Wallet,30.13,Electronics,2023-02-27 10:41:23
Credit Card,90.72,Sports & Outdoors,2023-02-28 16:46:18
PayPal,94.49,Books,2023-03-01 03:47:03
Credit Card,166.9,Electronics,2023-03-01 06:15:27
Credit Card,387.18,Electronics,2023-03-01 10:44:03
Google Wallet,455.23,Books,2023-03-01 16:48:46
Credit Card,80.31,Electronics,2023-03-01 17:38:41
Debit Card,131.46,Sports & Outdoors,2023-03-01 20:51:09
Credit Card,384.16,Books,2023-03-02 10:15:10
Apple Pay,179.44,Books,2023-03-02 19:13:32
In Store Card,84.27,Clothing,2023-03-02 22:41:19
Google Wallet,430.46,Clothing,2023-03-03 03:49:50
Credit Card,456.96,Clothing,2023-03-03 04:30:51
Credit Card,128.42,Sports & Outdoors,2023-03-04 04:26:31
In Store Card,348.1,Books,2023-03-04 05:03:52
Debit Card,295.14,Home & Garden,2023-03-04 05:14:58
Credit Card,451.85,Clothing,2023-03-04 12:03:24
PayPal,180.32,Home & Garden,2023-03-05 04:39:44
Apple Pay,170.96,Sports & Outdoors,2023-03-05 13:50:02
PayPal,164.03,Sports & Outdoors,2023-03-06 07:34:56
In Store Card,21.99,Books,2023-03-06 19:18:09
Debit Card,104.27,Electronics,2023-03-07 03:24:39
PayPal,463.37,Sports & Outdoors,2023-03-08 07:18:37
In Store Card,428.02,Books,2023-03-08 11:30:25
Google Wallet,330.86,Sports & Outdoors,2023-03-08 19:54:53
Google Wallet,422.97,Books,2023-03-09 12:21:56
PayPal,360.48,Home & Garden,2023-03-09 21:25:56
Debit Card,287.78,Books,2023-03-10 17:37:25
PayPal,311.19,Books,2023-03-11 10:42:04
Credit Card,347.02,Home & Garden,2023-03-11 22:12:37
In Store Card,340.35,Clothing,2023-03-13 04:39:13
Debit Card,349.48,Clothing,2023-03-13 04:45:42
In Store Card,472.7,Sports & Outdoors,2023-03-13 07:35:30
Debit Card,361.71,Books,2023-03-13 11:28:02
PayPal,313.06,Sports & Outdoors,2023-03-13 11:41:28
PayPal,101.59,Clothing,2023-03-13 16:09:46
Credit Card,279.13,Sports & Outdoors,2023-03-14 05:00:34
Apple Pay,171.89,Sports & Outdoors,2023-03-14 09:20:56
Debit Card,169.53,Sports & Outdoors,2023-03-14 12:39:47
Apple Pay,328.55,Clothing,2023-03-14 12:53:59
In Store Card,385.0,Electronics,2023-03-14 16:15:36
In Store Card,372.6,Clothing,2023-03-15 03:24:50
Google Wallet,162.2,Electronics,2023-03-15 09:49:31
PayPal,79.46,Home & Garden,2023-03-15 14:07:02
Google Wallet,42.18,Home & Garden,2023-03-16 03:57:28
PayPal,234.07,Electronics,2023-03-16 13:06:24
In Store Card,291.72,Home & Garden,2023-03-16 14:58:42
In Store Card,254.68,Clothing,2023-03-17 13:09:40
PayPal,496.13,Home & Garden,2023-03-17 16:26:11
Google Wallet,319.89,Electronics,2023-03-17 17:56:10
Debit Card,21.86,Electronics,2023-03-17 20:07:53
Google Wallet,288.68,Books,2023-03-17 21:42:12
Google Wallet,144.2,Home & Garden,2023-03-19 16:07:18
In Store Card,212.53,Clothing,2023-03-19 17:22:38
PayPal,487.23,Clothing,2023-03-20 20:52:51
PayPal,143.59,Clothing,2023-03-21 08:42:24
Apple Pay,369.25,Sports & Outdoors,2023-03-21 14:33:37
Apple Pay,188.68,Electronics,2023-03-24 00:46:18
In Store Card,153.27,Sports & Outdoors,2023-03-24 04:18:26
Apple Pay,390.34,Home & Garden,2023-03-24 21:53:18
Debit Card,162.94,Books,2023-03-25 01:42:16
Apple Pay,398.64,Clothing,2023-03-25 05:05:21
Debit Card,154.75,Sports & Outdoors,2023-03-25 14:31:36
In Store Card,48.18,Clothing,2023-03-25 17:49:30
Debit Card,101.09,Books,2023-03-26 05:29:06
Debit Card,349.52,Books,2023-03-26 07:01:48
Google Wallet,444.17,Sports & Outdoors,2023-03-26 10:50:30
PayPal,199.47,Books,2023-03-26 11:15:34
PayPal,213.1,Clothing,2023-03-27 05:39:31
PayPal,464.17,Books,2023-03-27 15:25:59
In Store Card,336.99,Sports & Outdoors,2023-03-28 04:10:07
In Store Card,458.06,Clothing,2023-03-28 14:08:27
Credit Card,296.46,Electronics,2023-03-29 03:23:47
Credit Card,426.27,Sports & Outdoors,2023-03-30 02:32:55
Google Wallet,186.45,Books,2023-03-30 06:46:43
Credit Card,102.16,Home & Garden,2023-03-30 09:10:04
Credit Card,470.09,Sports & Outdoors,2023-03-30 11:11:58
Credit Card,424.55,Sports & Outdoors,2023-03-31 04:28:06
In Store Card,152.39,Sports & Outdoors,2023-04-02 08:08:27
Debit Card,328.44,Clothing,2023-04-02 13:51:25
PayPal,51.68,Home & Garden,2023-04-02 16:05:05
In Store Card,113.55,Home & Garden,2023-04-02 16:37:03
PayPal,105.65,Home & Garden,2023-04-03 20:50:18
PayPal,100.05,Home & Garden,2023-04-03 22:50:39
In Store Card,386.93,Home & Garden,2023-04-04 03:06:41
Debit Card,486.13,Home & Garden,2023-04-04 09:58:24
Apple Pay,135.2,Clothing,2023-04-04 14:47:42
Credit Card,355.53,Sports & Outdoors,2023-04-05 02:14:16
Credit Card,475.25,Electronics,2023-04-05 08:08:58
In Store Card,255.07,Books,2023-04-05 23:04:13
Google Wallet,252.27,Home & Garden,2023-04-06 07:41:48
In Store Card,488.0,Clothing,2023-04-06 08:18:42
PayPal,175.82,Sports & Outdoors,2023-04-06 09:12:55
Credit Card,305.3,Books,2023-04-06 12:09:34
Apple Pay,344.31,Books,2023-04-06 21:59:30
Google Wallet,386.17,Electronics,2023-04-07 07:30:58
Credit Card,399.31,Clothing,2023-04-07 08:53:15
In Store Card,244.67,Books,2023-04-08 02:57:25
In Store Card,452.93,Home & Garden,2023-04-08 04:25:50
Google Wallet,416.19,Electronics,2023-04-08 09:03:36
Debit Card,44.06,Sports & Outdoors,2023-04-08 12:39:44
Google Wallet,194.51,Sports & Outdoors,2023-04-09 23:16:49
In Store Card,119.43,Books,2023-04-10 01:29:35
In Store Card,428.21,Clothing,2023-04-10 04:05:40
Google Wallet,159.1,Clothing,2023-04-10 11:45:02
Debit Card,221.88,Sports & Outdoors,2023-04-10 17:40:36
Apple Pay,179.32,Sports & Outdoors,2023-04-11 00:21:48
In Store Card,447.59,Sports & Outdoors,2023-04-11 06:35:22
Apple Pay,61.87,Books,2023-04-11 16:13:00
PayPal,120.52,Home & Garden,2023-04-12 06:18:10
Apple Pay,422.6,Home & Garden,2023-04-12 13:59:13
Credit Card,314.11,Sports & Outdoors,2023-04-12 21:57:10
In Store Card,195.9,Electronics,2023-04-12 22:35:06
Credit Card,184.7,Clothing,2023-04-13 07:02:47
In Store Card,460.02,Books,2023-04-13 07:57:02
In Store Card,109.61,Electronics,2023-04-13 15:37:26
Google Wallet,272.88,Sports & Outdoors,2023-04-14 02:59:04
Credit Card,138.05,Sports & Outdoors,2023-04-14 07:17:49
In Store Card,375.36,Books,2023-04-14 13:19:41
In Store Card,202.22,Electronics,2023-04-14 19:54:42
Apple Pay,230.96,Clothing,2023-04-14 21:49:45
PayPal,144.05,Home & Garden,2023-04-16 08:56:00
Google Wallet,499.02,Books,2023-04-16 09:04:48
Debit Card,175.6,Clothing,2023-04-16 20:20:18
Debit Card,233.99,Sports & Outdoors,2023-04-17 06:07:42
PayPal,232.3,Books,2023-04-17 09:02:39
Debit Card,387.54,Home & Garden,2023-04-18 02:21:47
Debit Card,308.17,Sports & Outdoors,2023-04-18 04:41:00
In Store Card,149.86,Electronics,2023-04-18 12:27:21
Apple Pay,14.57,Clothing,2023-04-18 18:36:10
PayPal,458.28,Home & Garden,2023-04-19 19:31:54
PayPal,92.49,Home & Garden,2023-04-21 20:29:38
In Store Card,154.39,Books,2023-04-22 10:12:02
Debit Card,368.66,Electronics,2023-04-22 19:34:17
PayPal,347.27,Home & Garden,2023-04-22 19:36:17
Debit Card,465.44,Sports & Outdoors,2023-04-23 05:26:46
In Store Card,447.22,Electronics,2023-04-23 12:55:28
In Store Card,113.4,Clothing,2023-04-23 16:18:33
Apple Pay,247.55,Sports & Outdoors,2023-04-23 17:28:27
In Store Card,40.94,Books,2023-04-23 21:32:32
Apple Pay,145.76,Sports & Outdoors,2023-04-24 09:17:15
PayPal,22.64,Electronics,2023-04-24 15:27:05
Debit Card,423.26,Books,2023-04-24 23:29:22
In Store Card,213.73,Books,2023-04-25 04:27:42
Apple Pay,93.62,Sports & Outdoors,2023-04-25 11:03:49
Credit Card,153.3,Electronics,2023-04-26 03:26:38
Debit Card,244.1,Home & Garden,2023-04-26 10:38:51
Debit Card,460.64,Books,2023-04-26 21:09:48
PayPal,320.0,Home & Garden,2023-04-27 00:16:17
Debit Card,87.19,Home & Garden,2023-04-28 01:57:32
Google Wallet,369.11,Home & Garden,2023-04-28 08:09:00
Google Wallet,294.73,Home & Garden,2023-04-28 17:11:31
Credit Card,428.79,Electronics,2023-04-29 04:32:51
Credit Card,118.21,Home & Garden,2023-04-30 03:57:56
Credit Card,267.08,Home & Garden,2023-05-01 01:54:51
Credit Card,242.68,Clothing,2023-05-01 04:51:45
Google Wallet,57.39,Electronics,2023-05-02 01:27:12
Credit Card,296.35,Books,2023-05-02 03:08:21
Google Wallet,214.53,Electronics,2023-05-02 14:44:52
PayPal,324.76,Home & Garden,2023-05-02 15:31:53
Credit Card,157.15,Books,2023-05-03 10:50:30
Google Wallet,120.48,Electronics,2023-05-03 18:39:37
Credit Card,261.44,Electronics,2023-05-03 20:37:30
In Store Card,255.55,Books,2023-05-04 06:21:01
Credit Card,435.99,Home & Garden,2023-05-04 07:04:30
Apple Pay,319.07,Books,2023-05-04 08:21:15
Google Wallet,305.75,Sports & Outdoors,2023-05-04 12:29:49
Debit Card,497.97,Electronics,2023-05-05 08:17:21
Debit Card,198.76,Home & Garden,2023-05-05 20:00:00
In Store Card,399.07,Clothing,2023-05-06 02:20:45
Credit Card,193.86,Home & Garden,2023-05-07 08:49:31
Google Wallet,334.79,Sports & Outdoors,2023-05-08 02:21:31
PayPal,430.14,Clothing,2023-05-08 15:56:52
Credit Card,360.63,Books,2023-05-08 23:16:43
Credit Card,254.15,Clothing,2023-05-09 01:25:13
Debit Card,10.7,Electronics,2023-05-09 06:46:45
Google Wallet,249.05,Books,2023-05-10 06:04:24
Debit Card,373.93,Clothing,2023-05-10 11:30:35
In Store Card,345.27,Books,2023-05-11 01:43:45
Apple Pay,241.66,Sports & Outdoors,2023-05-11 15:17:21
In Store Card,235.27,Electronics,2023-05-11 15:19:54
Debit Card,138.19,Clothing,2023-05-11 15:41:22
In Store Card,442.33,Sports & Outdoors,2023-05-11 21:39:40
In Store Card,411.76,Clothing,2023-05-12 06:37:16
PayPal,374.28,Sports & Outdoors,2023-05-12 07:57:49
Google Wallet,416.92,Clothing,2023-05-12 12:44:01
Credit Card,138.19,Clothing,2023-05-12 17:22:35
In Store Card,114.54,Books,2023-05-13 07:38:19
Apple Pay,38.07,Clothing,2023-05-14 02:55:30
In Store Card,98.04,Home & Garden,2023-05-14 02:59:07
In Store Card,204.46,Home & Garden,2023-05-14 19:33:44
In Store Card,479.07,Clothing,2023-05-14 22:22:36
Debit Card,209.76,Sports & Outdoors,2023-05-16 09:15:18
Apple Pay,16.08,Clothing,2023-05-16 20:00:53
Debit Card,376.42,Home & Garden,2023-05-17 15:34:37
Apple Pay,31.97,Books,2023-05-17 19:37:14
Google Wallet,395.1,Books,2023-05-17 20:15:54
In Store Card,351.24,Books,2023-05-18 09:39:50
PayPal,28.69,Clothing,2023-05-18 12:49:34
Credit Card,29.5,Sports & Outdoors,2023-05-18 23:38:33
Apple Pay,101.2,Electronics,2023-05-19 06:02:20
Debit Card,50.43,Books,2023-05-19 06:30:44
Credit Card,256.24,Clothing,2023-05-19 11:05:38
Apple Pay,278.33,Clothing,2023-05-20 07:27:05
Credit Card,425.74,Electronics,2023-05-20 11:53:34
Google Wallet,169.07,Clothing,2023-05-21 13:26:50
PayPal,39.11,Home & Garden,2023-05-22 03:57:53
PayPal,165.21,Books,2023-05-22 19:28:12
Credit Card,384.87,Sports & Outdoors,2023-05-22 19:54:08
In Store Card,144.94,Electronics,2023-05-22 21:44:54
Google Wallet,166.91,Home & Garden,2023-05-22 22:43:08
Google Wallet,493.89,Books,2023-05-23 00:36:18
Debit Card,17.7,Home & Garden,2023-05-23 14:40:07
Google Wallet,68.49,Books,2023-05-23 17:35:43
Credit Card,196.06,Sports & Outdoors,2023-05-24 07:50:15
Debit Card,389.92,Clothing,2023-05-25 00:14:24
Google Wallet,318.33,Electronics,2023-05-25 00:50:32
PayPal,27.98,Electronics,2023-05-25 02:44:30
Debit Card,73.22,Home & Garden,2023-05-25 06:37:16
PayPal,190.07,Home & Garden,2023-05-25 12:12:13
Debit Card,46.87,Home & Garden,2023-05-25 19:35:00
Apple Pay,340.47,Home & Garden,2023-05-26 03:42:01
In Store Card,284.18,Electronics,2023-05-26 09:48:50
Credit Card,498.5,Sports & Outdoors,2023-05-26 17:35:23
PayPal,334.55,Electronics,2023-05-27 03:45:47
PayPal,487.06,Books,2023-05-27 05:18:57
In Store Card,473.18,Electronics,2023-05-27 12:25:44
Credit Card,272.7,Sports & Outdoors,2023-05-28 01:34:48
Credit Card,283.85,Home & Garden,2023-05-28 04:50:03
PayPal,195.99,Clothing,2023-05-28 04:58:57
Debit Card,445.6,Books,2023-05-28 11:59:07
Debit Card,329.12,Books,2023-05-28 20:13:25
Credit Card,474.5,Books,2023-05-28 21:24:01
Apple Pay,187.07,Home & Garden,2023-05-28 22:56:13
Google Wallet,207.83,Clothing,2023-05-29 05:33:57
Debit Card,325.29,Home & Garden,2023-05-29 05:39:31
Apple Pay,145.54,Books,2023-05-29 20:05:04
Google Wallet,331.8,Sports & Outdoors,2023-05-31 00:41:42
Debit Card,385.25,Electronics,2023-05-31 09:43:22
In Store Card,460.25,Sports & Outdoors,2023-06-01 05:56:25
Debit Card,215.65,Sports & Outdoors,2023-06-01 06:31:01
In Store Card,406.39,Electronics,2023-06-01 10:57:42
Credit Card,91.76,Electronics,2023-06-01 19:54:55
Google Wallet,181.86,Home & Garden,2023-06-02 08:45:21
Debit Card,282.39,Electronics,2023-06-03 02:00:21
In Store Card,124.22,Books,2023-06-03 15:45:55
Debit Card,225.73,Clothing,2023-06-03 22:09:23
Credit Card,468.71,Clothing,2023-06-04 00:07:35
Apple Pay,177.38,Sports & Outdoors,2023-06-04 21:49:03
PayPal,489.58,Books,2023-06-04 23:30:18
PayPal,96.01,Home & Garden,2023-06-05 16:53:53
Google Wallet,172.25,Electronics,2023-06-05 19:41:13
Debit Card,39.84,Clothing,2023-06-06 02:55:15
In Store Card,347.74,Clothing,2023-06-06 09:03:51
In Store Card,319.47,Electronics,2023-06-06 13:20:17
PayPal,106.87,Books,2023-06-06 20:44:03
Debit Card,424.39,Electronics,2023-06-06 21:20:20
Apple Pay,282.71,Home & Garden,2023-06-07 05:16:12
In Store Card,298.09,Books,2023-06-07 19:05:56
In Store Card,339.65,Home & Garden,2023-06-08 04:05:08
Debit Card,122.03,Sports & Outdoors,2023-06-08 08:53:07
Google Wallet,50.6,Clothing,2023-06-08 20:39:16
Debit Card,308.64,Books,2023-06-08 23:17:05
PayPal,137.94,Home & Garden,2023-06-09 04:31:04
In Store Card,34.57,Clothing,2023-06-09 04:38:01
Credit Card,113.0,Clothing,2023-06-09 06:29:37
PayPal,225.62,Clothing,2023-06-10 09:57:29
Debit Card,57.7,Home & Garden,2023-06-10 17:23:19
Google Wallet,234.32,Books,2023-06-11 11:53:27
In Store Card,70.29,Clothing,2023-06-12 06:36:16
Google Wallet,185.11,Books,2023-06-12 07:09:08
Debit Card,37.19,Sports & Outdoors,2023-06-12 09:41:54
Apple Pay,342.23,Electronics,2023-06-12 20:56:46
Google Wallet,412.17,Home & Garden,2023-06-12 23:50:43
In Store Card,365.35,Electronics,2023-06-13 00:18:29
In Store Card,296.73,Electronics,2023-06-14 01:47:31
PayPal,394.23,Sports & Outdoors,2023-06-14 18:31:17
Apple Pay,169.08,Home & Garden,2023-06-15 01:14:56
Google Wallet,345.55,Sports & Outdoors,2023-06-15 06:36:54
Google Wallet,103.63,Books,2023-06-15 09:38:45
Apple Pay,449.22,Books,2023-06-15 15:32:00
In Store Card,212.57,Books,2023-06-16 04:36:13
Apple Pay,105.93,Home & Garden,2023-06-16 16:02:20
Google Wallet,368.36,Books,2023-06-17 10:13:08
Credit Card,484.62,Electronics,2023-06-18 18:00:07
In Store Card,163.83,Sports & Outdoors,2023-06-19 02:26:25
Apple Pay,319.8,Home & Garden,2023-06-19 17:44:43
Google Wallet,16.36,Electronics,2023-06-20 11:35:38
Apple Pay,45.61,Clothing,2023-06-21 11:34:14
Credit Card,153.47,Electronics,2023-06-21 18:40:52
PayPal,174.2,Sports & Outdoors,2023-06-21 19:59:21
Debit Card,440.25,Electronics,2023-06-21 21:59:47
Credit Card,103.75,Books,2023-06-21 22:08:46
Credit Card,139.72,Electronics,2023-06-22 16:39:48
Google Wallet,382.32,Sports & Outdoors,2023-06-22 20:45:48
Credit Card,333.11,Clothing,2023-06-23 03:28:00
Google Wallet,326.49,Clothing,2023-06-23 18:19:27
Credit Card,74.93,Clothing,2023-06-23 18:50:58
PayPal,93.19,Sports & Outdoors,2023-06-23 20:16:18
In Store Card,430.35,Sports & Outdoors,2023-06-24 01:39:53
Debit Card,400.18,Home & Garden,2023-06-24 01:48:43
Credit Card,373.48,Home & Garden,2023-06-24 02:04:51
PayPal,304.39,Home & Garden,2023-06-24 03:15:58
Debit Card,90.99,Clothing,2023-06-24 07:30:29
Credit Card,360.69,Home & Garden,2023-06-24 13:39:23
Credit Card,152.09,Clothing,2023-06-24 17:27:21
Credit Card,316.54,Books,2023-06-24 17:32:46
PayPal,471.35,Sports & Outdoors,2023-06-24 20:06:08
Google Wallet,350.34,Books,2023-06-25 07:44:35
Debit Card,289.62,Sports & Outdoors,2023-06-25 16:46:22
Apple Pay,288.77,Electronics,2023-06-25 21:17:54
Credit Card,342.32,Books,2023-06-26 19:59:11
Apple Pay,194.76,Books,2023-06-27 02:26:24
Debit Card,388.53,Electronics,2023-06-27 15:45:50
PayPal,25.46,Books,2023-06-28 00:23:58
Credit Card,242.9,Clothing,2023-06-28 13:02:27
Credit Card,252.66,Sports & Outdoors,2023-06-28 21:55:04
Credit Card,300.6,Sports & Outdoors,2023-07-01 04:52:04
PayPal,416.63,Sports & Outdoors,2023-07-01 05:06:50
Credit Card,472.63,Home & Garden,2023-07-01 12:37:14
PayPal,260.58,Books,2023-07-01 13:22:07
Credit Card,362.21,Home & Garden,2023-07-01 14:25:43
Credit Card,236.36,Books,2023-07-01 20:16:01
PayPal,184.88,Books,2023-07-01 20:16:12
Apple Pay,78.08,Clothing,2023-07-01 22:48:24
Apple Pay,297.59,Electronics,2023-07-02 03:19:18
Debit Card,24.82,Home & Garden,2023-07-02 04:40:51
Debit Card,85.52,Books,2023-07-02 10:11:52
Debit Card,180.46,Electronics,2023-07-02 14:55:37
PayPal,98.37,Electronics,2023-07-02 16:42:38
In Store Card,339.16,Clothing,2023-07-02 19:37:56
Google Wallet,357.5,Clothing,2023-07-02 21:15:32
Apple Pay,94.46,Sports & Outdoors,2023-07-03 12:31:47
Google Wallet,452.2,Home & Garden,2023-07-04 02:47:16
Apple Pay,188.97,Clothing,2023-07-04 03:49:25
Debit Card,247.96,Clothing,2023-07-04 04:17:14
PayPal,233.68,Sports & Outdoors,2023-07-04 06:42:58
PayPal,85.73,Sports & Outdoors,2023-07-04 13:58:53
Apple Pay,252.51,Clothing,2023-07-04 15:44:08
PayPal,246.18,Home & Garden,2023-07-05 00:18:07
PayPal,414.93,Clothing,2023-07-05 14:31:16
Credit Card,58.33,Books,2023-07-06 02:08:52
Credit Card,296.39,Electronics,2023-07-06 03:02:51
Apple Pay,79.11,Books,2023-07-06 21:45:38
Google Wallet,216.36,Home & Garden,2023-07-07 09:29:51
Credit Card,471.39,Clothing,2023-07-07 16:51:21
Google Wallet,198.76,Sports & Outdoors,2023-07-08 04:09:42
In Store Card,143.09,Electronics,2023-07-08 18:47:23
Credit Card,459.73,Home & Garden,2023-07-08 20:03:06
Debit Card,383.28,Electronics,2023-07-09 03:24:26
In Store Card,54.31,Sports & Outdoors,2023-07-09 03:34:41
Credit Card,133.82,Sports & Outdoors,2023-07-09 07:00:22
Debit Card,132.42,Books,2023-07-09 18:14:23
PayPal,195.0,Sports & Outdoors,2023-07-10 20:41:34
Apple Pay,84.85,Home & Garden,2023-07-12 00:45:46
In Store Card,81.36,Sports & Outdoors,2023-07-12 15:41:02
PayPal,194.93,Electronics,2023-07-13 05:42:59
In Store Card,52.13,Electronics,2023-07-13 13:04:44
In Store Card,380.3,Home & Garden,2023-07-13 16:37:51
Google Wallet,293.42,Clothing,2023-07-13 20:47:44
Credit Card,169.61,Electronics,2023-07-13 23:03:43
In Store Card,76.64,Clothing,2023-07-14 08:04:47
In Store Card,139.97,Electronics,2023-07-14 09:05:47
Debit Card,262.65,Home & Garden,2023-07-14 13:47:11
Google Wallet,459.41,Clothing,2023-07-15 10:05:08
Apple Pay,352.64,Home & Garden,2023-07-15 14:28:54
Debit Card,293.73,Electronics,2023-07-17 06:14:08
Apple Pay,470.59,Electronics,2023-07-17 22:21:13
In Store Card,360.21,Books,2023-07-18 06:04:49
Debit Card,65.58,Clothing,2023-07-19 21:19:03
Google Wallet,376.03,Sports & Outdoors,2023-07-20 08:19:41
Google Wallet,102.98,Books,2023-07-20 09:00:47
Google Wallet,99.94,Books,2023-07-20 17:45:19
Google Wallet,406.46,Books,2023-07-20 22:30:00
In Store Card,493.54,Home & Garden,2023-07-21 04:32:55
Credit Card,87.97,Home & Garden,2023-07-21 11:23:49
Google Wallet,263.1,Electronics,2023-07-22 11:20:25
In Store Card,203.44,Sports & Outdoors,2023-07-23 07:39:29
Credit Card,46.92,Clothing,2023-07-23 08:55:17
Google Wallet,381.28,Clothing,2023-07-23 15:44:04
PayPal,144.49,Home & Garden,2023-07-23 18:42:42
PayPal,214.14,Clothing,2023-07-24 02:16:49
Debit Card,137.65,Sports & Outdoors,2023-07-24 11:29:11
Debit Card,255.11,Clothing,2023-07-24 13:44:46
Credit Card,235.54,Clothing,2023-07-24 14:45:11
Apple Pay,431.61,Home & Garden,2023-07-24 23:33:17
Apple Pay,412.3,Clothing,2023-07-26 06:00:51
Credit Card,361.72,Clothing,2023-07-28 06:18:39
PayPal,392.42,Sports & Outdoors,2023-07-30 03:23:55
PayPal,11.69,Home & Garden,2023-07-30 06:08:34
Google Wallet,347.1,Books,2023-07-30 18:37:10
Credit Card,95.24,Sports & Outdoors,2023-07-31 18:08:38
Credit Card,157.08,Clothing,2023-07-31 18:51:50
Apple Pay,166.8,Electronics,2023-08-01 01:12:16
Credit Card,48.42,Sports & Outdoors,2023-08-01 04:34:03
Apple Pay,81.02,Electronics,2023-08-01 10:58:28
Google Wallet,302.32,Home & Garden,2023-08-01 22:36:02
Apple Pay,431.43,Clothing,2023-08-01 22:47:53
PayPal,371.96,Sports & Outdoors,2023-08-02 23:56:16
Credit Card,427.57,Home & Garden,2023-08-03 09:17:58
In Store Card,189.48,Books,2023-08-03 12:04:53
PayPal,320.02,Home & Garden,2023-08-03 15:38:18
Google Wallet,70.93,Electronics,2023-08-03 19:04:05
Debit Card,473.98,Electronics,2023-08-04 03:16:53
Google Wallet,375.99,Books,2023-08-04 07:23:44
Google Wallet,31.6,Sports & Outdoors,2023-08-05 09:29:23
Google Wallet,285.08,Electronics,2023-08-05 12:04:42
In Store Card,162.57,Sports & Outdoors,2023-08-05 12:50:27
Debit Card,301.19,Sports & Outdoors,2023-08-05 21:19:36
Debit Card,309.03,Clothing,2023-08-05 21:55:38
Credit Card,496.33,Electronics,2023-08-06 11:08:06
Credit Card,408.54,Books,2023-08-06 13:57:21
PayPal,446.23,Electronics,2023-08-06 23:15:52
Google Wallet,23.14,Clothing,2023-08-07 08:25:54
Debit Card,497.82,Clothing,2023-08-07 16:04:31
Apple Pay,264.26,Books,2023-08-07 20:09:22
Google Wallet,55.51,Clothing,2023-08-08 22:43:20
Google Wallet,278.01,Electronics,2023-08-09 02:50:02
In Store Card,24.29,Home & Garden,2023-08-09 03:23:58
Google Wallet,189.9,Clothing,2023-08-09 04:33:34
Credit Card,321.8,Electronics,2023-08-09 16:30:22
In Store Card,469.33,Clothing,2023-08-09 17:04:41
Debit Card,375.7,Sports & Outdoors,2023-08-09 17:18:24
Credit Card,485.9,Electronics,2023-08-09 21:00:40
Debit Card,96.56,Sports & Outdoors,2023-08-09 22:08:29
Google Wallet,124.73,Books,2023-08-10 04:39:45
In Store Card,251.38,Books,2023-08-10 05:36:19
Credit Card,159.54,Clothing,2023-08-11 04:16:52
PayPal,344.39,Clothing,2023-08-11 05:49:28
Debit Card,57.36,Home & Garden,2023-08-11 21:30:33
Debit Card,96.06,Clothing,2023-08-11 22:16:30
PayPal,237.68,Clothing,2023-08-12 07:40:30
Debit Card,336.71,Books,2023-08-12 16:24:26
Credit Card,394.46,Sports & Outdoors,2023-08-12 23:05:31
In Store Card,151.24,Sports & Outdoors,2023-08-13 10:57:36
PayPal,35.86,Books,2023-08-13 20:12:11
Debit Card,472.34,Sports & Outdoors,2023-08-13 21:52:41
Apple Pay,425.47,Books,2023-08-13 22:11:29
Debit Card,70.88,Sports & Outdoors,2023-08-13 22:32:32
In Store Card,326.3,Sports & Outdoors,2023-08-14 11:02:02
In Store Card,86.73,Sports & Outdoors,2023-08-14 17:33:28
Apple Pay,484.7,Electronics,2023-08-14 18:21:43
Debit Card,377.14,Clothing,2023-08-15 13:29:14
Debit Card,29.15,Home & Garden,2023-08-16 02:58:02
Credit Card,436.28,Clothing,2023-08-16 14:13:09
Debit Card,16.69,Home & Garden,2023-08-16 15:38:40
PayPal,319.05,Home & Garden,2023-08-16 23:31:19
Google Wallet,367.95,Clothing,2023-08-17 07:48:06
In Store Card,154.97,Electronics,2023-08-17 11:24:49
Apple Pay,50.86,Sports & Outdoors,2023-08-18 06:44:07
In Store Card,348.7,Sports & Outdoors,2023-08-18 11:31:17
Debit Card,39.13,Books,2023-08-18 18:24:41
In Store Card,18.64,Books,2023-08-18 18:31:07
PayPal,35.64,Sports & Outdoors,2023-08-19 14:13:06
In Store Card,372.05,Sports & Outdoors,2023-08-19 15:51:10
PayPal,414.5,Electronics,2023-08-19 18:07:03
Credit Card,79.97,Sports & Outdoors,2023-08-19 22:09:22
Apple Pay,24.13,Clothing,2023-08-20 10:10:47
Apple Pay,71.32,Sports & Outdoors,2023-08-20 20:12:54
Google Wallet,148.72,Electronics,2023-08-21 04:02:23
PayPal,145.95,Sports & Outdoors,2023-08-21 08:18:34
Apple Pay,97.08,Electronics,2023-08-21 12:53:44
Google Wallet,97.97,Sports & Outdoors,2023-08-21 13:42:50
Debit Card,366.9,Home & Garden,2023-08-21 15:04:10
Credit Card,406.56,Clothing,2023-08-21 16:47:01
Debit Card,19.78,Home & Garden,2023-08-22 23:12:05
In Store Card,476.32,Electronics,2023-08-23 02:05:58
Credit Card,40.72,Clothing,2023-08-23 18:05:14
Google Wallet,13.54,Books,2023-08-23 21:17:00
In Store Card,28.46,Electronics,2023-08-24 11:41:27
Apple Pay,48.36,Electronics,2023-08-24 13:40:26
Google Wallet,243.11,Books,2023-08-24 14:22:45
In Store Card,50.77,Clothing,2023-08-24 15:34:33
PayPal,279.92,Sports & Outdoors,2023-08-24 19:52:33
Apple Pay,105.26,Clothing,2023-08-25 12:19:25
PayPal,347.67,Home & Garden,2023-08-25 19:22:50
Debit Card,393.64,Sports & Outdoors,2023-08-26 09:13:18
Apple Pay,312.92,Electronics,2023-08-26 10:24:16
PayPal,275.91,Books,2023-08-27 00:20:02
Credit Card,494.73,Home & Garden,2023-08-27 04:41:17
In Store Card,74.08,Home & Garden,2023-08-27 10:48:00
Debit Card,144.97,Clothing,2023-08-27 14:02:04
Credit Card,394.99,Books,2023-08-27 14:39:45
Google Wallet,145.26,Sports & Outdoors,2023-08-27 22:45:08
Apple Pay,269.9,Books,2023-08-29 00:35:09
Apple Pay,352.91,Clothing,2023-08-29 03:26:24
Credit Card,456.69,Books,2023-08-29 03:53:21
Google Wallet,345.52,Sports & Outdoors,2023-08-29 13:05:48
Credit Card,399.26,Home & Garden,2023-08-29 20:14:08
Google Wallet,159.05,Books,2023-08-29 20:57:07
PayPal,180.42,Electronics,2023-08-30 11:19:30
Debit Card,349.01,Home & Garden,2023-08-30 19:51:36
Google Wallet,152.23,Books,2023-08-30 21:23:10
Debit Card,377.62,Clothing,2023-08-31 10:17:26
Apple Pay,430.02,Books,2023-09-01 02:15:57
Credit Card,171.26,Books,2023-09-01 22:12:11
PayPal,350.53,Sports & Outdoors,2023-09-02 04:48:01
Apple Pay,192.02,Books,2023-09-02 09:54:55
PayPal,129.06,Books,2023-09-02 18:33:44
PayPal,290.97,Home & Garden,2023-09-02 23:37:40
Credit Card,17.98,Clothing,2023-09-03 12:52:48
Google Wallet,272.74,Sports & Outdoors,2023-09-03 15:14:42
PayPal,358.77,Sports & Outdoors,2023-09-03 19:42:26
Apple Pay,149.62,Books,2023-09-04 02:24:34
Apple Pay,191.96,Sports & Outdoors,2023-09-04 07:22:45
Debit Card,330.05,Electronics,2023-09-05 04:45:00
Debit Card,347.86,Books,2023-09-05 14:56:06
Credit Card,36.0,Electronics,2023-09-05 16:47:50
Debit Card,482.44,Sports & Outdoors,2023-09-06 07:29:09
In Store Card,439.05,Books,2023-09-06 16:14:34
Debit Card,403.34,Electronics,2023-09-06 18:49:44
Apple Pay,46.21,Books,2023-09-06 20:27:57
Credit Card,229.1,Sports & Outdoors,2023-09-07 02:43:08
Debit Card,185.87,Sports & Outdoors,2023-09-07 13:08:59
Credit Card,78.22,Sports & Outdoors,2023-09-07 20:52:51
Apple Pay,24.71,Sports & Outdoors,2023-09-07 21:23:16
Google Wallet,267.34,Home & Garden,2023-09-07 22:53:30
Google Wallet,40.06,Clothing,2023-09-07 23:52:36
In Store Card,394.77,Sports & Outdoors,2023-09-08 01:50:57
PayPal,113.32,Sports & Outdoors,2023-09-08 02:30:38
Apple Pay,433.66,Books,2023-09-08 05:38:36
Credit Card,360.38,Books,2023-09-08 09:52:26
PayPal,211.48,Books,2023-09-08 18:11:53
Google Wallet,18.64,Sports & Outdoors,2023-09-09 02:27:30
Credit Card,232.36,Sports & Outdoors,2023-09-09 09:29:00
Debit Card,364.16,Home & Garden,2023-09-10 12:11:58
Credit Card,494.05,Electronics,2023-09-11 12:25:10
Credit Card,84.83,Books,2023-09-11 19:58:39
In Store Card,57.87,Clothing,2023-09-11 22:23:45
Google Wallet,379.72,Books,2023-09-12 01:16:52
Debit Card,430.62,Books,2023-09-13 00:49:58
In Store Card,318.49,Electronics,2023-09-13 10:03:43
Credit Card,231.94,Home & Garden,2023-09-13 21:08:54
Credit Card,80.77,Clothing,2023-09-13 23:46:51
Apple Pay,66.84,Home & Garden,2023-09-14 12:59:08
Debit Card,229.44,Clothing,2023-09-14 14:40:37
In Store Card,424.28,Books,2023-09-14 15:37:20
PayPal,65.55,Clothing,2023-09-15 05:31:29
Google Wallet,489.06,Books,2023-09-15 14:30:58
Debit Card,11.98,Books,2023-09-15 20:28:26
In Store Card,348.16,Electronics,2023-09-17 01:41:10
In Store Card,448.11,Home & Garden,2023-09-17 07:53:10
Apple Pay,179.17,Books,2023-09-17 09:28:06
Google Wallet,287.37,Electronics,2023-09-17 19:37:40
PayPal,441.86,Clothing,2023-09-18 03:08:22
Credit Card,376.05,Clothing,2023-09-18 04:42:01
PayPal,350.54,Books,2023-09-18 04:52:41
Debit Card,185.25,Home & Garden,2023-09-18 05:19:39
PayPal,96.8,Electronics,2023-09-18 12:40:47
Apple Pay,125.08,Clothing,2023-09-18 14:54:08
Debit Card,272.98,Home & Garden,2023-09-18 16:11:27
Debit Card,262.19,Electronics,2023-09-18 19:58:28
Google Wallet,64.33,Electronics,2023-09-18 22:46:33
Debit Card,124.55,Electronics,2023-09-19 11:42:44
Debit Card,335.58,Books,2023-09-20 00:35:39
Debit Card,452.74,Sports & Outdoors,2023-09-20 21:39:03
PayPal,222.78,Sports & Outdoors,2023-09-20 22:19:54
Credit Card,300.08,Electronics,2023-09-21 03:24:30
Debit Card,334.77,Clothing,2023-09-21 13:33:20
In Store Card,348.37,Sports & Outdoors,2023-09-21 14:32:01
Google Wallet,126.84,Books,2023-09-21 16:04:12
PayPal,261.1,Books,2023-09-22 08:32:33
Apple Pay,137.18,Clothing,2023-09-22 19:59:09
Credit Card,54.71,Sports & Outdoors,2023-09-23 04:05:43
PayPal,156.33,Clothing,2023-09-23 19:19:03
In Store Card,165.6,Sports & Outdoors,2023-09-23 23:47:36
PayPal,183.64,Books,2023-09-24 08:06:58
Apple Pay,223.97,Sports & Outdoors,2023-09-24 08:37:03
Google Wallet,311.73,Books,2023-09-24 09:20:32
Google Wallet,359.29,Books,2023-09-24 09:36:02
Debit Card,436.52,Sports & Outdoors,2023-09-24 13:55:46
Debit Card,235.65,Home & Garden,2023-09-24 20:40:13
Apple Pay,115.82,Clothing,2023-09-24 22:49:09
Credit Card,220.19,Electronics,2023-09-24 22:58:45
Credit Card,75.75,Clothing,2023-09-25 06:26:19
In Store Card,108.98,Electronics,2023-09-25 10:13:38
Credit Card,199.05,Clothing,2023-09-25 14:33:02
Google Wallet,189.79,Sports & Outdoors,2023-09-26 02:20:52
Google Wallet,233.39,Home & Garden,2023-09-26 10:05:47
Apple Pay,97.85,Electronics,2023-09-26 14:56:36
Apple Pay,307.61,Sports & Outdoors,2023-09-26 15:58:35
Credit Card,402.36,Electronics,2023-09-26 17:51:28
Debit Card,407.21,Clothing,2023-09-26 20:38:27
Google Wallet,182.48,Electronics,2023-09-29 22:34:34
PayPal,197.02,Books,2023-09-30 12:19:14
Debit Card,319.13,Sports & Outdoors,2023-09-30 12:44:51
PayPal,473.62,Clothing,2023-09-30 21:19:29
Credit Card,437.01,Books,2023-09-30 22:49:46
Debit Card,120.02,Sports & Outdoors,2023-10-01 02:18:58
Credit Card,250.92,Sports & Outdoors,2023-10-01 13:49:29
Debit Card,333.96,Home & Garden,2023-10-01 15:58:21
Google Wallet,383.78,Home & Garden,2023-10-01 23:06:09
Google Wallet,38.21,Home & Garden,2023-10-02 03:17:29
Apple Pay,225.05,Home & Garden,2023-10-02 04:45:40
Credit Card,495.86,Home & Garden,2023-10-02 15:20:39
Debit Card,409.98,Sports & Outdoors,2023-10-02 16:59:22
